,Картинка,Болезнь,Лист,Степень болезни,Площадь листа,Площадь болезни,Процент заражения
0,potata,alternara,0,0,15052,14440,95.93409513685889
1,potata,alternara,0,1,15052,612,4.06590486314111
2,potata,alternara,1,0,27855,26743,96.00789804343924
3,potata,alternara,1,1,27855,1112,3.992101956560761
4,potata,alternara,2,0,13432,13294,98.97260273972603
5,potata,alternara,2,1,13432,138,1.0273972602739725
6,potata,alternara,3,0,40861,40215,98.41903037125866
7,potata,alternara,3,1,40861,614,1.5026553437262915
8,potata,alternara,3,3,40861,32,0.07831428501505103
9,potata,alternara,4,0,12635,12602,99.73882073605066
10,potata,alternara,4,1,12635,33,0.2611792639493471
